ai-intro/lesson/vol-6.html	2026-07-29 19:26
database/review/	2026-07-29 20:22
database/review/vol.1.html	2026-07-29 16:30
database/review/vol.3.html	2026-07-29 16:30
database/review/vol.4.html	2026-07-29 16:30
database/review/vol.5.html	2026-07-29 16:30
database/review/vol.6-1.html	2026-07-29 16:30
database/review/vol.6-2.html	2026-07-29 16:30
database/review/vol.7.html	2026-07-29 16:30
html-css/lesson/	2026-08-03 10:50
html-css/lesson/HTML_CSS_vol10_ボックス.html	2026-08-02 06:56
html-css/lesson/HTML_CSS_vol11_背景.html	2026-08-02 06:56
html-css/lesson/HTML_CSS_vol12_位置指定.html	2026-08-02 06:56
html-css/lesson/HTML_CSS_vol13_フレックス.html	2026-08-02 15:22
html-css/lesson/HTML_CSS_vol14_グリッド.html	2026-08-03 10:41
html-css/lesson/HTML_CSS_vol1_Web技術.html	2026-08-02 15:34
html-css/lesson/HTML_CSS_vol7_基本構造.html	2026-08-03 10:48
html-css/lesson/HTML_CSS_vol9_文字装飾.html	2026-08-02 15:22
html-css/review/vol.1.html	2026-08-02 20:53
html-css/review/vol.10.html	2026-08-02 22:14
html-css/review/vol.11.html	2026-08-02 22:14
html-css/review/vol.12.html	2026-08-02 22:14
html-css/review/vol.13.html	2026-08-02 20:53
html-css/review/vol.14.html	2026-08-02 20:53
html-css/review/vol.2.html	2026-08-02 20:53
html-css/review/vol.3.html	2026-08-02 21:33
html-css/review/vol.4.html	2026-08-02 22:13
html-css/review/vol.5.html	2026-08-02 20:53
html-css/review/vol.6.html	2026-08-02 22:13
html-css/review/vol.7.html	2026-08-02 22:13
html-css/review/vol.8.html	2026-08-02 22:13
html-css/review/vol.9.html	2026-08-02 22:14
